"filename", "language", "Go", "XML", "Markdown", "YAML", "JSON", "Go Checksum File", "Go Module File", "comment", "blank", "total"
"/Users/x/go/src/gin-gorm-oj/.idea/dataSources.xml", "XML", 0, 12, 0, 0, 0, 0, 0, 0, 0, 12
"/Users/x/go/src/gin-gorm-oj/.idea/gin-gorm-oj.iml", "XML", 0, 9, 0, 0, 0, 0, 0, 0, 0, 9
"/Users/x/go/src/gin-gorm-oj/.idea/modules.xml", "XML", 0, 8, 0, 0, 0, 0, 0, 0, 0, 8
"/Users/x/go/src/gin-gorm-oj/.idea/vcs.xml", "XML", 0, 6, 0, 0, 0, 0, 0, 0, 0, 6
"/Users/x/go/src/gin-gorm-oj/README.md", "Markdown", 0, 0, 25, 0, 0, 0, 0, 0, 23, 48
"/Users/x/go/src/gin-gorm-oj/define/define.go", "Go", 8, 0, 0, 0, 0, 0, 0, 7, 3, 18
"/Users/x/go/src/gin-gorm-oj/docs/docs.go", "Go", 274, 0, 0, 0, 0, 0, 0, 3, 5, 282
"/Users/x/go/src/gin-gorm-oj/docs/swagger.json", "JSON", 0, 0, 0, 0, 253, 0, 0, 0, 0, 253
"/Users/x/go/src/gin-gorm-oj/docs/swagger.yaml", "YAML", 0, 0, 0, 162, 0, 0, 0, 0, 1, 163
"/Users/x/go/src/gin-gorm-oj/go.mod", "Go Module File", 0, 0, 0, 0, 0, 0, 54, 0, 4, 58
"/Users/x/go/src/gin-gorm-oj/go.sum", "Go Checksum File", 0, 0, 0, 0, 0, 212, 0, 0, 1, 213
"/Users/x/go/src/gin-gorm-oj/helper/helper.go", "Go", 69, 0, 0, 0, 0, 0, 0, 6, 11, 86
"/Users/x/go/src/gin-gorm-oj/main.go", "Go", 9, 0, 0, 0, 0, 0, 0, 0, 3, 12
"/Users/x/go/src/gin-gorm-oj/models/category_basic.go", "Go", 11, 0, 0, 0, 0, 0, 0, 0, 4, 15
"/Users/x/go/src/gin-gorm-oj/models/init.go", "Go", 24, 0, 0, 0, 0, 0, 0, 0, 6, 30
"/Users/x/go/src/gin-gorm-oj/models/problem_basic.go", "Go", 25, 0, 0, 0, 0, 0, 0, 13, 9, 47
"/Users/x/go/src/gin-gorm-oj/models/problem_category.go", "Go", 11, 0, 0, 0, 0, 0, 0, 0, 4, 15
"/Users/x/go/src/gin-gorm-oj/models/submit_basic.go", "Go", 32, 0, 0, 0, 0, 0, 0, 1, 5, 38
"/Users/x/go/src/gin-gorm-oj/models/types.go", "Go", 16, 0, 0, 0, 0, 0, 0, 0, 6, 22
"/Users/x/go/src/gin-gorm-oj/models/user_basic.go", "Go", 17, 0, 0, 0, 0, 0, 0, 2, 4, 23
"/Users/x/go/src/gin-gorm-oj/router/app.go", "Go", 11, 0, 0, 0, 0, 0, 0, 22, 6, 39
"/Users/x/go/src/gin-gorm-oj/service/ping.go", "Go", 7, 0, 0, 0, 0, 0, 0, 0, 3, 10
"/Users/x/go/src/gin-gorm-oj/service/problem.go", "Go", 72, 0, 0, 0, 0, 0, 0, 16, 6, 94
"/Users/x/go/src/gin-gorm-oj/service/submit.go", "Go", 40, 0, 0, 0, 0, 0, 0, 10, 5, 55
"/Users/x/go/src/gin-gorm-oj/service/user.go", "Go", 176, 0, 0, 0, 0, 0, 0, 34, 11, 221
"/Users/x/go/src/gin-gorm-oj/test/163_test.go", "Go", 20, 0, 0, 0, 0, 0, 0, 1, 3, 24
"/Users/x/go/src/gin-gorm-oj/test/gorm_test.go", "Go", 23, 0, 0, 0, 0, 0, 0, 0, 4, 27
"/Users/x/go/src/gin-gorm-oj/test/jwt_test.go", "Go", 33, 0, 0, 0, 0, 0, 0, 8, 10, 51
"/Users/x/go/src/gin-gorm-oj/test/redis_test.go", "Go", 32, 0, 0, 0, 0, 0, 0, 0, 7, 39
"/Users/x/go/src/gin-gorm-oj/test/uuid_test.go", "Go", 10, 0, 0, 0, 0, 0, 0, 0, 4, 14
"Total", "-", 920, 35, 25, 162, 253, 212, 54, 123, 148, 1932